{
	"format_version": "1.8.0",
	"animations": {
		"animation.deepdragon.swim": {
			"loop": true,
			"animation_length": 1.5,
			"bones": {
				"body": {
					"rotation": {
						"0.0": [2.5, 0, 0],
						"0.375": [0, -5, 0],
						"0.75": [-2.5, 0, 0],
						"1.125": [0, 5, 0],
						"1.5": [2.5, 0, 0]
					},
					"position": {
						"0.0": [-1, 0, 0],
						"0.375": [0, -1, 0],
						"0.75": [1, 0, 0],
						"1.125": [0, 1, 0],
						"1.5": [-1, 0, 0]
					}
				},
				"tail": {
					"rotation": {
						"0.0": [0, 0, 0],
						"0.375": [7.56397, -7.43547, -0.98448],
						"0.75": [0, 0, 0],
						"1.125": [-7.56397, 7.43547, -0.98448],
						"1.5": [0, 0, 0]
					}
				},
				"bone": {
					"rotation": {
						"0.0": [0, 0, 0],
						"0.5417": [10.15108, -9.84655, -1.75378],
						"0.75": [0, 0, 0],
						"1.2917": [-10.15108, 9.84655, -1.75378],
						"1.5": [0, 0, 0]
					}
				},
				"bone4": {
					"rotation": {
						"0.0": [-14.65993, 3.21132, 12.08681],
						"0.375": [0, -17.5, 0],
						"0.75": [14.65993, 3.21132, -12.08681],
						"1.0833": [0, 17.5, 0],
						"1.5": [-14.65993, 3.21132, 12.08681]
					}
				},
				"tailfin": {
					"rotation": {
						"0.0": [-35, 0, 0],
						"0.3333": [-25, 0, 0],
						"0.75": [35, 0, 0],
						"1.125": [25, 0, 0],
						"1.5": [-35, 0, 0]
					}
				},
				"wings0": {
					"rotation": {
						"0.0": [0, 0, 0],
						"0.375": [0, 0, 25],
						"0.75": [0, 0, 0],
						"1.125": [0, 0, -25],
						"1.5": [0, 0, 0]
					}
				},
				"bone2": {
					"rotation": {
						"0.0": [0, 0, -12.5],
						"0.375": [0, 0, 0],
						"0.75": [0, 0, 12.5],
						"1.125": [0, 0, 0],
						"1.5": [0, 0, -12.5]
					}
				},
				"wings1": {
					"rotation": {
						"0.0": [0, 0, 0],
						"0.375": [0, 0, -25],
						"0.75": [0, 0, 0],
						"1.125": [0, 0, 25],
						"1.5": [0, 0, 0]
					}
				},
				"bone3": {
					"rotation": {
						"0.0": [0, 0, 12.5],
						"0.375": [0, 0, 0],
						"0.75": [0, 0, -12.5],
						"1.125": [0, 0, 0],
						"1.5": [0, 0, 12.5]
					}
				},
				"neck": {
					"rotation": {
						"0.0": [2.5, 0, 0],
						"0.375": [-1.95187, -4.99711, 0.17008],
						"0.75": [-2.5, 0, 0],
						"1.125": [2.50954, 4.99523, 0.21865],
						"1.5": [2.5, 0, 0]
					}
				},
				"head": {
					"rotation": {
						"0.0": [-5.019, -4.98093, 0.43688],
						"0.375": [-5, 0, 0],
						"0.75": [5.04292, 7.4713, 0.6574],
						"1.125": [5, 0, 0],
						"1.5": [-5.019, -4.98093, 0.43688]
					}
				},
				"jaw": {
					"rotation": {
						"0.0": [0, 0, 0],
						"0.75": [2.5, 0, 0],
						"1.5": [0, 0, 0]
					}
				},
				"mouth": {
					"rotation": {
						"0.5833": [0, 0, 0],
						"0.6667": [-32.5, 0, 0],
						"0.75": [32.5, 0, 0],
						"0.8333": [-32.5, 0, 0],
						"0.9167": [32.5, 0, 0],
						"1.0": [-30, 0, 0],
						"1.0833": [0, 0, 0]
					},
					"position": {
						"0.5833": [0, 0, 0],
						"0.6667": [0, 0, -5],
						"1.0": [0, 0, -5],
						"1.0833": [0, 0, 0]
					}
				}
			}
		},
		"animation.deepdragon.idle": {
			"loop": true,
			"animation_length": 6,
			"bones": {
				"body": {
					"position": {
						"0.0": {
							"post": [0, -1, 0],
							"lerp_mode": "catmullrom"
						}
					}
				},
				"tail": {
					"rotation": {
						"0.0": {
							"post": [-2.5, -12.5, 0],
							"lerp_mode": "catmullrom"
						}
					}
				},
				"bone": {
					"rotation": {
						"0.0": {
							"post": [0, -22.5, 0],
							"lerp_mode": "catmullrom"
						}
					}
				},
				"bone4": {
					"rotation": {
						"0.0": {
							"post": [-2.5, -25, 0],
							"lerp_mode": "catmullrom"
						}
					}
				},
				"tailfin": {
					"rotation": {
						"0.0": {
							"post": [-2.5, 0, 0],
							"lerp_mode": "catmullrom"
						},
						"1.5": {
							"post": [-2.5, 0, 0],
							"lerp_mode": "catmullrom"
						},
						"1.875": {
							"post": [20, 0, 0],
							"lerp_mode": "catmullrom"
						},
						"2.25": {
							"post": [-2.5, 0, 0],
							"lerp_mode": "catmullrom"
						}
					}
				},
				"wings0": {
					"rotation": {
						"0.0": {
							"post": [0, -12.5, -7.5],
							"lerp_mode": "catmullrom"
						}
					}
				},
				"bone2": {
					"rotation": {
						"0.0": {
							"post": [0, 15, 7.5],
							"lerp_mode": "catmullrom"
						},
						"5.0": {
							"post": [0, 15, 7.5],
							"lerp_mode": "catmullrom"
						},
						"5.375": {
							"post": [4.60659, 14.2906, 25.57779],
							"lerp_mode": "catmullrom"
						},
						"5.75": {
							"post": [0, 15, 7.5],
							"lerp_mode": "catmullrom"
						}
					}
				},
				"wings1": {
					"rotation": {
						"0.0": {
							"post": [0, -17.5, 7.5],
							"lerp_mode": "catmullrom"
						}
					}
				},
				"bone3": {
					"rotation": {
						"0.0": {
							"post": [0, -22.5, -7.5],
							"lerp_mode": "catmullrom"
						},
						"3.5": {
							"post": [0, -22.5, -7.5],
							"lerp_mode": "catmullrom"
						},
						"3.875": {
							"post": [5.123, -21.93857, -20.9936],
							"lerp_mode": "catmullrom"
						},
						"4.25": {
							"post": [0, -22.5, -7.5],
							"lerp_mode": "catmullrom"
						},
						"6.0": {
							"post": [0, -22.5, -7.5],
							"lerp_mode": "catmullrom"
						}
					}
				},
				"neck": {
					"rotation": {
						"0.0": {
							"post": [7.7614, -14.8687, -2.00307],
							"lerp_mode": "catmullrom"
						},
						"3.0": {
							"post": [7.76, -14.87, -2],
							"lerp_mode": "catmullrom"
						},
						"3.5": {
							"post": [0.25992, -14.87008, -1.99982],
							"lerp_mode": "catmullrom"
						},
						"4.0": {
							"post": [-9.08007, -14.87007, -1.99984],
							"lerp_mode": "catmullrom"
						},
						"4.5": {
							"post": [-11.31615, -14.87005, -1.99987],
							"lerp_mode": "catmullrom"
						},
						"5.0": {
							"post": [9.17041, -14.87004, -1.99991],
							"lerp_mode": "catmullrom"
						},
						"6.0": {
							"post": [7.76, -14.87, -2],
							"lerp_mode": "catmullrom"
						}
					}
				},
				"head": {
					"rotation": {
						"0.0": {
							"post": [-0.17409, -14.14433, -6.86342],
							"lerp_mode": "catmullrom"
						}
					}
				},
				"upperjaw": {
					"rotation": {
						"0.0": {
							"post": [0, 0, 0],
							"lerp_mode": "catmullrom"
						},
						"1.4583": {
							"post": [-5, 0, 0],
							"lerp_mode": "catmullrom"
						},
						"2.5": {
							"post": [0, 0, 0],
							"lerp_mode": "catmullrom"
						},
						"6.0": {
							"post": [0, 0, 0],
							"lerp_mode": "catmullrom"
						}
					}
				},
				"jaw": {
					"rotation": {
						"0.0": {
							"post": [0, 0, 0],
							"lerp_mode": "catmullrom"
						},
						"3.0": {
							"post": [0, 0, 0],
							"lerp_mode": "catmullrom"
						},
						"3.5": {
							"post": [7.5, 0, 0],
							"lerp_mode": "catmullrom"
						},
						"4.0": {
							"post": [20, 0, 0],
							"lerp_mode": "catmullrom"
						},
						"4.5": {
							"post": [40, 0, 0],
							"lerp_mode": "catmullrom"
						},
						"5.0": {
							"post": [0, 0, 0],
							"lerp_mode": "catmullrom"
						},
						"6.0": {
							"post": [0, 0, 0],
							"lerp_mode": "catmullrom"
						}
					}
				},
				"mouth": {
					"rotation": {
						"1.9167": {
							"pre": [0, 0, 0],
							"post": [0, 0, 0],
							"lerp_mode": "catmullrom"
						},
						"2.0": {
							"post": [-37.5, 0, 0],
							"lerp_mode": "catmullrom"
						},
						"2.125": {
							"post": [30, 0, 0],
							"lerp_mode": "catmullrom"
						},
						"2.25": {
							"post": [-27.5, 0, 0],
							"lerp_mode": "catmullrom"
						},
						"2.375": {
							"post": [25, 0, 0],
							"lerp_mode": "catmullrom"
						},
						"2.5": {
							"post": [-27.5, 0, 0],
							"lerp_mode": "catmullrom"
						},
						"2.5833": {
							"post": [0, 0, 0],
							"lerp_mode": "catmullrom"
						}
					},
					"position": {
						"1.9167": {
							"pre": [0, 0, 0],
							"post": [0, 0, 0],
							"lerp_mode": "catmullrom"
						},
						"2.0": {
							"post": [0, 0, -4],