{
	"format_version": "1.8.0",
	"animations": {
		"animation.stone_attack.general": {
			"loop": "hold_on_last_frame",
			"animation_length": 1.125,
			"bones": {
				"stone": {
					"position": {
						"0.0": [0, -103, 0],
						"0.0833": [0, -11, 0],
						"0.1667": [0, 0, 0],
						"0.5417": [0, 0, 0],
						"0.7917": [0, 0, 0],
						"0.9167": [0, -34, 0],
						"1.0833": [0, -194, 0]
					}
				},
				"bone": {
					"rotation": {
						"0.0": [0, 0, 0],
						"0.1667": [0, 0, 0],
						"0.5417": [0, 0, 0],
						"0.875": [50, 0, 0],
						"1.0": [97.5, 0, 0],
						"1.125": [62.5, 0, 0]
					},
					"position": {
						"0.0": [0, -10, 0],
						"0.0833": [0, -25, 0],
						"0.1667": [0, 0, 0],
						"0.5417": [0, 0, 0],
						"0.7917": [0, 0, -33],
						"0.9167": [0, 0, -3],
						"1.0833": [0, 0, -3]
					}
				},
				"bone2": {
					"rotation": {
						"0.0": [0, 0, 0],
						"0.1667": [0, 0, 0],
						"0.5417": [0, 0, 0],
						"0.875": [31.88034, 6.6782, -50.59061],
						"0.9583": [20.07273, 26.11218, -90.29958],
						"1.125": [28.24912, 16.7796, -68.24912]
					},
					"position": {
						"0.0": [0, -10, 0],
						"0.0833": [0, -28, 0],
						"0.1667": [0, 0, 0],
						"0.5417": [0, 0, 0],
						"0.875": [-26, 0, -5],
						"0.9583": [0, 0, 0],
						"1.125": [0, 0, 0]
					}
				},
				"bone3": {
					"rotation": {
						"0.0": [0, 0, 0],
						"0.1667": [0, 0, 0],
						"0.5417": [0, 0, 0],
						"0.875": [-37.5, 0, -20],
						"0.9583": [-51.33144, -21.75204, -51.33144],
						"1.125": [-37.5, 0, -20]
					},
					"position": {
						"0.0": [0, -10, 0],
						"0.0833": [0, -26, 0],
						"0.1667": [0, 0, 0],
						"0.5417": [0, 0, 0],
						"0.875": [-18, 8, 21],
						"0.9583": [-3, 0, 1],
						"1.125": [-3, 0, 1]
					}
				},
				"bone4": {
					"rotation": {
						"0.0": [0, 0, 0],
						"0.1667": [0, 0, 0],
						"0.5417": [0, 0, 0],
						"0.875": [-45, 0, 0],
						"0.9583": [-105, 0, 0],
						"1.125": [-77.5, 0, 0]
					},
					"position": {
						"0.0": [0, -10, 0],
						"0.0833": [0, -28, 0],
						"0.1667": [0, 0, 0],
						"0.5417": [0, 0, 0],
						"0.875": [0, 0, 39],
						"0.9583": [0, 0, 6],
						"1.125": [0, 0, 6]
					}
				},
				"bone5": {
					"rotation": {
						"0.0": [0, 0, 0],
						"0.1667": [0, 0, 0],
						"0.5417": [0, 0, 0],
						"0.875": [0, 0, 50],
						"0.9583": [0, 0, 110],
						"1.125": [0, 0, 80]
					},
					"position": {
						"0.0": [0, -10, 0],
						"0.0833": [0, -24, 0],
						"0.1667": [0, 0, 0],
						"0.5417": [0, 0, 0],
						"0.875": [29, -3, 0],
						"0.9583": [1, -3, 0],
						"1.125": [1, -3, 0]
					}
				},
				"bone6": {
					"position": {
						"0.0833": [0, -22, 0],
						"0.875": [0, -22, 0],
						"0.9583": [0, -22, 0],
						"1.125": [0, -22, 0]
					}
				},
				"bone7": {
					"rotation": {
						"0.0": [0, 0, 0],
						"0.1667": [0, 0, 0],
						"0.5417": [0, 0, 0],
						"0.875": [0, 0, -42.5],
						"0.9583": [0, 0, -65],
						"1.125": [0, 0, -65]
					},
					"position": {
						"0.0": [0, -10, 0],
						"0.0833": [0, -10, 0],
						"0.1667": [0, 0, 0],
						"0.5417": [0, 0, 0],
						"0.875": [-21, 0, 6],
						"0.9583": [-3, 0, 0],
						"1.125": [-3, 0, 0]
					}
				},
				"bone8": {
					"position": {
						"0.0": [0, -10, 0],
						"0.0833": [0, -33, 0],
						"0.1667": [0, 0, 0],
						"0.5417": [0, 0, 0],
						"0.875": [0, -34, 0],
						"0.9583": [0, -34, 0],
						"1.125": [0, -34, 0]
					}
				},
				"bone9": {
					"rotation": {
						"0.0": [0, 0, 0],
						"0.1667": [0, 0, 0],
						"0.5417": [0, 0, 0],
						"0.875": [12.5, 0, 0],
						"0.9583": [-3.81397, 11.91276, -107.89807],
						"1.125": [12.5, 0, 0]
					},
					"position": {
						"0.0": [0, -10, 0],
						"0.0833": [0, -39, 0],
						"0.1667": [0, 0, 0],
						"0.5417": [0, 0, 0],
						"0.875": [9, -21, 0],
						"0.9583": [0, -31, 0],
						"1.125": [0, -31, 0]
					}
				},
				"bone10": {
					"rotation": {
						"0.0": [0, 0, 0],
						"0.1667": [0, 0, 0],
						"0.5417": [0, 0, 0],
						"0.875": [7.49294, -0.32621, 2.47864],
						"0.9583": [4.31837, -6.13784, 54.76837],
						"1.125": [7.49294, -0.32621, 2.47864]
					},
					"position": {
						"0.0": [0, -10, 0],
						"0.0833": [0, -39, 0],
						"0.1667": [0, 0, 0],
						"0.5417": [0, 0, 0],
						"0.875": [-7, -11, 14],
						"0.9583": [0, -28, 0],
						"1.125": [0, -28, 0]
					}
				},
				"bone11": {
					"rotation": {
						"0.0": [0, 0, 0],
						"0.1667": [0, 0, 0],
						"0.5417": [0, 0, 0],
						"0.875": [-15, 0, 0],
						"0.9583": [-62.5, 0, 0],
						"1.125": [-15, 0, 0]
					},
					"position": {
						"0.0": [0, -10, 0],
						"0.0833": [0, -45, 0],
						"0.1667": [0, 0, 0],
						"0.5417": [0, 0, 0],
						"0.875": [-11, -9, -23],
						"0.9583": [0, -24, -12],
						"1.125": [0, -24, -12]
					}
				},
				"bone17": {
					"position": [0, -10, -4]
				}
			},
			"sound_effects": {
				"0.125": {
					"effect": "stomp"
				},
				"0.5417": {
					"effect": "break"
				}
			},
			"particle_effects": {
				"0.4167": {
					"effect": "stone_explosion",
					"locator": "locator"
				}
			}
		}
	}
}