{
	"format_version": "1.8.0",
	"animations": {
		"animation.trevenant.attack": {
			"animation_length": 1.5,
			"bones": {
				"Leg4": {
					"rotation": {
						"0.0": [0, 0, 0],
						"0.25": [0, 0, 7.5],
						"0.5": [0, 0, 0]
					}
				},
				"Body": {
					"rotation": {
						"0.0": [0, 0, 0],
						"0.5": [0, -15, 0],
						"0.75": [0, 12.5, 0],
						"1.5": [0, 0, 0]
					}
				},
				"Low": {
					"rotation": {
						"0.0": [0, 0, 0],
						"0.5": [0, 15, 0],
						"0.75": [0, 0, 0]
					}
				},
				"Leg3": {
					"rotation": {
						"0.0": [0, 0, 0],
						"0.25": [-0.81898, 6.19632, -7.54433],
						"0.5": [0, 12.5, 0]
					}
				},
				"bone": {
					"rotation": {
						"0.0": [0, 0, 0],
						"0.5": [0, -67.5, 0],
						"0.75": [48.17176, 74.81802, 24.68754],
						"1.5": [0, 0, 0]
					},
					"position": {
						"0.0": [0, 0, 0],
						"0.5": [-0.75, 0, -0.5],
						"0.75": [1, 0, 1],
						"1.5": [0, 0, 0]
					}
				},
				"bone3": {
					"rotation": {
						"0.0": [0, 0, 0],
						"0.5": [0, 32.5, 0],
						"0.75": [0, 50, 0],
						"1.5": [0, 2.5, 0]
					}
				},
				"bone7": {
					"rotation": {
						"0.0": [0, 0, 0],
						"0.5": [0, 0, 17.5]
					}
				},
				"bone9": {
					"rotation": {
						"0.0": [0, 0, 0],
						"0.5": [0, 0, 17.5]
					}
				},
				"bone12": {
					"rotation": {
						"0.0": [0, 0, 0],
						"0.75": [0, 30, 0],
						"1.5": [0, 0, 0]
					},
					"position": {
						"0.0": [0, 0, 0],
						"0.5": [-1.25, 0, 0],
						"0.75": [0, 0, 0]
					}
				},
				"bone14": {
					"rotation": {
						"0.0": [0, 0, 0],
						"0.5": [0, -22.5, 0],
						"0.75": [0, 0, 0],
						"1.5": [0, 0, 0]
					}
				}, 
				"bone23": {
					"rotation": {
						"0.0": [0, 0, 0],
						"0.5": [0, 0, -7.5]
					}
				},
				"bone25": {
					"rotation": {
						"0.0": [0, 0, 0],
						"0.5": [0, 0, -7.5]
					}
				}
			}
		},
		"animation.trevenant.idle": {
			"loop": true,
			"animation_length": 2,
			"bones": {
				"Body": {
					"position": {
						"0.0": [0, 0, 0],
						"0.5": [0, -1, 0],
						"1.0": [0, 0, 0],
						"1.5": [0, -1, 0],
						"2.0": [0, 0, 0]
					}
				},
				"Low": {
					"position": {
						"0.0": [0, 0, 0],
						"0.5": [0, 1, 0],
						"1.0": [0, 0, 0],
						"1.5": [0, 1, 0],
						"2.0": [0, 0, 0]
					}
				},
				"bone": {
					"rotation": {
						"0.0": [0, 0, 0],
						"0.5": [0, 0, -5],
						"1.0": [0, 0, 0],
						"1.5": [0, 0, -5],
						"2.0": [0, 0, 0]
					}
				},
				"bone4": {
					"rotation": {
						"0.0": [0, 0, 0],
						"0.5": [0, 0, -17.5],
						"1.0": [0, 0, 0],
						"1.5": [0, 0, -17.5],
						"2.0": [0, 0, 0]
					}
				},
				"bone12": {
					"rotation": {
						"0.0": [0, 0, 0],
						"0.5": [0, 0, 5],
						"1.0": [0, 0, 0],
						"1.5": [0, 0, 5],
						"2.0": [0, 0, 0]
					}
				},
				"bone15": {
					"rotation": {
						"0.0": [0, 0, 0],
						"0.5": [0, 0, 17.5],
						"1.0": [0, 0, 0],
						"1.5": [0, 0, 17.5],
						"2.0": [0, 0, 0]
					}
				}
			}
		},
		"animation.trevenant.walk": {
			"loop": true,
			"animation_length": 2,
			"bones": {
				"Leg": {
					"rotation": {
						"0.5": [0, 0, 0],
						"1.0": [-44.56145, -4.10604, -45.43855],
						"1.5": [0, 0, 0]
					},
					"position": {
						"0.0": [0, 0, -0.5],
						"0.5": [0, 0, 0],
						"1.0": [0, 0, 0],
						"1.5": [0, 0, 0],
						"2.0": [0, 0, -0.5]
					}
				},
				"Leg2": {
					"rotation": {
						"0.0": [30.48811, -2.0466, 31.31066],
						"0.5": [0, 0, 0],
						"1.5": [0, 0, 0],
						"2.0": [30.48811, -2.0466, 31.31066]
					},
					"position": {
						"0.5": [0, 0, 0],
						"1.0": [0, 0, -0.5],
						"1.5": [0, 0, 0]
					}
				},
				"Leg5": {
					"rotation": {
						"0.0": [10.58678, 0.46355, -11.69592],
						"0.5": [0, 0, 0],
						"1.5": [0, 0, 0],
						"2.0": [10.58678, 0.46355, -11.69592]
					},
					"position": {
						"0.5": [0, 0, 0],
						"1.0": [0, 0, 0.5],
						"1.5": [0, 0, 0]
					}
				},
				"Leg6": {
					"rotation": {
						"0.5": [0, 0, 0],
						"1.0": [-15.63769, 1.03133, 17.30267],
						"1.5": [0, 0, 0]
					},
					"position": {
						"0.0": [0, 0, 0.5],
						"0.5": [0, 0, 0],
						"1.5": [0, 0, 0],
						"2.0": [0, 0, 0.5]
					}
				},
				"Leg4": {
					"rotation": {
						"0.0": [0, 17.5, 0],
						"0.5": [0, 0, 0],
						"1.0": [0, -17.5, 0],
						"1.5": [0, 0, 0],
						"2.0": [0, 17.5, 0]
					}
				},
				"Leg3": {
					"rotation": {
						"0.0": [0, 17.5, 0],
						"0.5": [0, 0, 0],
						"1.0": [0, -17.5, 0],
						"1.5": [0, 0, 0],
						"2.0": [0, 17.5, 0]
					}
				},
				"bone": {
					"rotation": {
						"0.0": [0, 0, -7.5],
						"0.5": [0, 0, 0],
						"1.0": [0, 0, -7.5],
						"1.5": [0, 0, 0],
						"2.0": [0, 0, -7.5]
					}
				},
				"bone4": {
					"rotation": {
						"0.0": [0, 0, -10],
						"0.5": [0, 0, 0],
						"1.0": [0, 0, -10],
						"1.5": [0, 0, 0],
						"2.0": [0, 0, -10]
					}
				},
				"bone12": {
					"rotation": {
						"0.0": [0, 0, 7.5],
						"0.5": [0, 0, 0],
						"1.0": [0, 0, 7.5],
						"1.5": [0, 0, 0],
						"2.0": [0, 0, 7.5]
					}
				},
				"bone15": {
					"rotation": {
						"0.0": [0, 0, 10],
						"0.5": [0, 0, 0],
						"1.0": [0, 0, 10],
						"1.5": [0, 0, 0],
						"2.0": [0, 0, 10]
					}
				},
				"bone23": {
					"rotation": {
						"0.0": [0, 0, -15],
						"0.5": [0, 0, 0],
						"1.0": [0, 0, 12.5],
						"1.5": [0, 0, 0],
						"2.0": [0, 0, -15]
					}
				},
				"bone25": {
					"rotation": {
						"0.0": [0, 0, 12.5],
						"0.5": [0, 0, 0],
						"1.0": [0, 0, -15],
						"1.5": [0, 0, 0],
						"2.0": [0, 0, 12.5]
					}
				},
				"bone29": {
					"rotation": {
						"0.0": [0, 0, 17.5],
						"0.5": [0, 0, 0],
						"1.0": [0, 0, -15],
						"1.5": [0, 0, 0],
						"2.0": [0, 0, 17.5]
					}
				},
				"bone31": {
					"rotation": {
						"0.0": [0, 0, -15],
						"0.5": [0, 0, 0],
						"1.0": [0, 0, 17.5],
						"1.5": [0, 0, 0],
						"2.0": [0, 0, -15]
					}
				}
			}
		}
	}
}