{
	"format_version": "1.8.0",
	"animations": {
		"animation.m202.third": {
			"loop": true,
			"bones": {
				"base_attachable": {
					"position": [0, 3, 0]
				},
				"b_attachable": {
					"rotation": [90, 0, 0],
					"position": [0, 5, -4],
					"scale": 0.7
				}
			}
		},
		"animation.m202.idle": {
			"loop": true,
			"bones": {
				"b_attachable": {
					"rotation": [90, 0, 0],
					"position": [0, 4.5, -4],
					"scale": 0.7
				}
			}
		},
		"animation.player.m202.third": {
			"loop": true
		},
		"animation.player.m202.shoot.third": {
			"loop": true,
			"animation_length": 2,
			"bones": {
				"leftArm": {
					"rotation": {
						"0.0": [0, 0, 0],
						"0.125": [-12.5, 0, 0],
						"0.75": [0, 0, 0]
					}
				},
				"rightArm": {
					"rotation": {
						"0.0": [0, 0, 0],
						"0.125": [-12.5, 0, 0],
						"0.75": [0, 0, 0]
					}
				}
			}
		},
		"animation.player.m202.first": {
			"loop": true,
			"bones": {
				"base_brazoes": {
					"rotation": [-2.5, 60, -47.5],
					"position": [-10.5, 2.75, -4.8]
				},
				"second_arm": {
					"rotation": [-32.5, -27.5, 60],
					"position": [-5, -12, 4]
				}
			}
		},
		"animation.player.m202.shoot": {
			"animation_length": 1.5,
			"bones": {
				"base_brazoes": {
					"rotation": {
						"0.0": [0, 0, 0],
						"0.125": [-20, 0, 0],
						"1.0": [0, 0, 0],
						"1.5": [0, 0, 0]
					},
					"position": {
						"0.0": [0, 0, 0],
						"0.125": [2.56343, 2.40634, 1.90746],
						"1.0": [0, 0, 0],
						"1.5": [0, 0, 0]
					}
				}
			}
		},
		"animation.player.m202.reload": {
			"animation_length": 3,
			"bones": {
				"base_brazoes": {
					"rotation": {
						"0.0": [0, 0, 0],
						"0.1667": [87.5, 0, 0],
						"0.5417": [87.5, -10, -10],
						"0.9167": [87.5, 0, 0],
						"1.3333": [115, -32.5, 15],
						"1.6667": [115, 0, 0],
						"2.0": [90, -37.5, 2.5],
						"2.2917": [90, -47.5, -2.5],
						"2.5417": [85, -17.5, 12.5],
						"3.0": [0, 0, 0]
					},
					"position": {
						"0.0": [0, 0, 0],
						"0.5417": [1, 2, 0],
						"0.7917": [0, 0, 0],
						"1.3333": [3, 1, 1],
						"1.6667": [3, 1, 1],
						"2.0": [4.28171, 2.20317, 1.95373],
						"2.5417": [6.28, 2.2, 1.95],
						"3.0": [0, 0, 0]
					}
				},
				"second_arm": {
					"rotation": {
						"0.0": [0, 0, 0],
						"0.1667": [-30, 0, 0],
						"0.375": [-5, 40, 62.5],
						"0.6667": [-5, 40, 62.5],
						"1.0417": [-5, 40, 40],
						"1.6667": [-5, 40, 40],
						"2.25": [-5, 40, 72.5],
						"2.5833": [10, 40, 40],
						"3.0": [0, 0, 0]
					},
					"position": {
						"0.0": [0, 0, 0],
						"0.1667": [3, 9, 0],
						"0.375": [3, 15, 0],
						"0.6667": [6, 19, -3],
						"0.8333": [8, 19, -3],
						"1.0417": [9, 7, -3],
						"1.3333": [11, 3, -3],
						"1.6667": [11, 3, -3],
						"2.0": [8, 17, -3],
						"2.25": [5, 17, -3],
						"2.5833": [5, 17, -5],
						"3.0": [0, 0, 0]
					}
				}
			}
		},
		"animation.m202.reload": {
			"animation_length": 3,
			"bones": {
				"reload_attachable": {
					"rotation": {
						"0.0": [0, 0, 0],
						"0.375": [0, 0, 0],
						"0.6667": [0, 20, 30],
						"1.0417": [0, 5, 30],
						"1.6667": [0, 5, 30],
						"2.25": [0, 27.5, 0],
						"2.5833": [0, 0, 0],
						"3.0": [0, 0, 0]
					},
					"position": {
						"0.0": [0, 0, -2],
						"0.375": [0, 0, -2],
						"0.6667": [5, 1, 2],
						"0.7917": [7, 1, 2],
						"1.0417": [9, 1, -19],
						"1.3333": [11, 1, -27],
						"1.6667": [11, 1, -27],
						"2.0": [8, 1, -5],
						"2.25": [3, 0, -2],
						"2.5833": [0, 0, 0],
						"3.0": [0, 0, 0]
					}
				}
			}
		},
		"animation.m202.apuntar.timer": {
			"animation_length": 10
		}
	}
}